{

    "metadata" :
    {
        "formatVersion" : 3.1,
        "sourceFile"    : "model.obj",
        "generatedBy"   : "OBJConverter",
        "vertices"      : 8,
        "faces"         : 6,
        "normals"       : 6,
        "colors"        : 0,
        "uvs"           : 18,
        "materials"     : 3
    },

    "scale" : 1.000000,

    "materials": [	{
	"DbgColor" : 15658734,
	"DbgIndex" : 0,
	"DbgName" : "Wall",
	"colorDiffuse" : [0.045629, 0.64, 0.0],
	"colorSpecular" : [0.5, 0.5, 0.5],
	"illumination" : 2,
	"opacity" : 1.0,
	"opticalDensity" : 1.0,
	"specularCoef" : 96.078431
	},

	{
	"DbgColor" : 15597568,
	"DbgIndex" : 1,
	"DbgName" : "Roof",
	"colorDiffuse" : [0.8, 0.8, 0.8],
	"colorSpecular" : [0.5, 0.5, 0.5],
	"illumination" : 2,
	"opacity" : 1.0,
	"opticalDensity" : 1.0,
	"specularCoef" : 96.078431
	},

	{
	"DbgColor" : 60928,
	"DbgIndex" : 2,
	"DbgName" : "Floor",
	"colorDiffuse" : [0.64, 0.190086, 0.0],
	"colorSpecular" : [0.5, 0.5, 0.5],
	"illumination" : 2,
	"opacity" : 1.0,
	"opticalDensity" : 1.0,
	"specularCoef" : 96.078431
	}],

    "vertices": [4.158632,-0.000000,-4.158633,4.158632,2.333780,-4.158633,-4.158632,-0.000000,-4.158633,-4.158632,2.333780,-4.158633,-4.158632,2.333780,4.158632,-4.158632,0.000000,4.158632,4.158632,0.000000,4.158632,4.158632,2.333780,4.158632],

    "morphTargets": [],

    "morphColors": [],

    "normals": [1,0,0,0,0,1,-1,0,0,0,0,-1,0,-1,0,0,1,-0],

    "colors": [],

    "uvs": [[6.4685,1.0811,3.3603,1.0811,3.3603,0.0134,6.4685,0.0134,-5.9646,1.0811,-5.9646,0.0134,-2.8563,0.0134,-2.8563,1.0811,0.252,0.0134,0.252,1.0811,0,0,0,0,0,0,0,0,0,0,0,0,0,0,0,0]],

    "faces": [43,3,4,5,2,0,0,1,2,3,0,0,0,0,43,3,2,0,1,0,4,5,6,7,1,1,1,1,43,0,6,7,1,0,6,8,9,7,2,2,2,2,43,7,6,5,4,0,9,8,2,1,3,3,3,3,43,7,4,3,1,1,10,11,12,13,4,4,4,4,43,5,6,0,2,2,14,15,16,17,5,5,5,5]

}
